04 3e 9d 7a 13 6f 80,04 fc cc 7a 13 6f 80,04 04 c3 7a 13 6f 81,04 cf 87 7a 13 6f 80,04 56 66 da 21 6e 81,04 bf 94 7a 13 6f 80,04 3D 99 EA F0 64 81
04 8c da 7a 13 6f 80,04 3a 7c da 21 6e 80,04 87 a4 da 21 6e 80,04 b9 8d 7a 13 6f 80,04 ca a6 da 21 6e 80,04 83 96 da 21 6e 80,04 41 99 EA F0 64 81
04 13 d1 7a 13 6f 81,04 af b8 7a 13 6f 80,04 44 9c 7a 13 6f 81,04 9d 87 7a 13 6f 80,04 40 76 da 21 6e 81,04 59 8b da 21 6e 81,04 45 99 EA F0 64 81
04 1a ff 7a 13 6f 81,04 76 a7 7a 13 6f 80,04 83 73 7a 13 6f 80,04 4a cb 7a 13 6f 81,04 1b 8c 7a 13 6f 81,04 5d bd 7a 13 6f 80,04 49 99 EA F0 64 81
04 59 af 7a 13 6f 80,04 21 7c 7a 13 6f 81,04 a5 b0 7a 13 6f 80,04 e0 cd 7a 13 6f 80,04 80 ff 7a 13 6f 80,04 5d f0 7a 13 6f 80,04 4D 99 EA F0 64 81
04 58 b3 7a 13 6f 81,04 13 b0 7a 13 6f 81,04 fb a0 7a 13 6f 80,04 56 e3 7a 13 6f 80,04 0e 48 7a 13 6f 81,04 78 c0 7a 13 6f 80,04 51 99 EA F0 64 81
04 12 9f 7a 13 6f 81,04 94 f5 7a 13 6f 80,04 80 71 7a 13 6f 81,04 2b f7 7a 13 6f 81,04 6b 68 7a 13 6f 81,04 16 f7 7a 13 6f 81,04 54 9A EA F0 64 81
04 06 dd 7a 13 6f 81,04 01 e2 7a 13 6f 81,04 29 53 da 21 6e 81,04 dc aa 7a 13 6f 80,04 11 a8 7a 13 6f 80,04 f2 cc 7a 13 6f 80,04 58 9A EA F0 64 81
04 c1 a4 7a 13 6f 80,04 28 a4 7a 13 6f 81,04 7c 7d 7a 13 6f 81,04 78 76 7a 13 6f 81,04 4f e3 7a 13 6f 81,04 7b 69 7a 13 6f 81,04 5C 9A EA F0 64 81
04 46 6d 7a 13 6f 81,04 ee f9 7a 13 6f 80,04 65 6c 7a 13 6f 80,04 87 84 7a 13 6f 81,04 1e f9 7a 13 6f 81,04 b4 6d 7a 13 6f 80,04 60 9A EA F0 64 81
04 f7 10 7a 13 6f 84,04 8b 77 7a 13 6f 81,04 d0 96 7a 13 6f 80,04 ae 76 7a 13 6f 80,04 79 8d 7a 13 6f 81,04 ce f6 7a 13 6f 80,04 64 9A EA F0 64 81
04 fa db 7a 13 6f 80,04 ea 6b 7a 13 6f 80,04 6b 78 7a 13 6f 81,04 de fd 7a 13 6f 80,04 c1 6d 7a 13 6f 80,04 82 b9 7a 13 6f 80,04 68 9A EA F0 64 81
04 f4 ca 7a 13 6f 80,04 d1 ad 7a 13 6f 80,04 75 b9 7a 13 6f 81,04 be 76 7a 13 6f 80,04 32 9a 7a 13 6f 80,04 07 0d 7a 13 6f 85,04 78 9A EA F0 64 81
04 74 fc 7a 13 6f 80,04 5f 6d 7a 13 6f 81,04 6a eb 7a 13 6f 80,04 e0 02 7a 13 6f 84,04 df d2 7a 13 6f 80,04 a7 a0 7a 13 6f 80,04 70 9A EA F0 64 81
04 e7 c8 7a 13 6f 80,04 dc 74 7a 13 6f 80,04 07 89 7a 13 6f 80,04 57 49 7a 13 6f 81,04 96 a9 7a 13 6f 80,04 e4 a3 7a 13 6f 80,04 74 9A EA F0 64 81
